PID,TID,DevId,Count,QCount,TAvg (ns),TMed (ns),TMin (ns),TMax (ns),TStdDev (ns),AAvg (ns),AMed (ns),AMin (ns),AMax (ns),AStdDev (ns),QAvg (ns),QMed (ns),QMin (ns),QMax (ns),QStdDev (ns),KAvg (ns),KMed (ns),KMin (ns),KMax (ns),KStdDev (ns),API Name,Kernel Name
2492,2533,0,3200,3200,1698492.2,1705858.0,841939,1734851,39658.5,11063.9,9170.0,7995,846294,33557.4,1686246.0,1695272.5,44846,1724334,70706.8,1182.3,1184.0,1151,1376,21.8,cudaLaunchKernel,"void at::native::unrolled_elementwise_kernel<at::native::CUDAFunctor_add<long>, std::array<char *, (unsigned long)3>, (int)4, TrivialOffsetCalculator<(int)2, unsigned int>, TrivialOffsetCalculator<(int)1, unsigned int>, at::native::memory::LoadWithoutCast, at::native::memory::StoreWithoutCast>(int, T1, T2, T4, T5, T6, T7)"
2492,2533,0,6450,6439,1659493.7,1679492.5,9187,7427653,167683.4,10198.9,7679.0,6412,7427653,96515.8,1650876.6,1670411.0,8,1699961,145840.7,1235.6,1248.0,1215,1536,21.9,cudaLaunchKernel,"void at::native::vectorized_elementwise_kernel<(int)2, at::native::CUDAFunctorOnSelf_add<long>, std::array<char *, (unsigned long)2>>(int, T2, T3)"
2492,2533,0,6450,6418,1598303.2,1619830.5,12655,1653734,147648.9,9789.8,8336.5,6785,814630,27069.0,1595379.0,1610076.0,5,1644238,108881.1,1052.5,1056.0,1023,1088,10.4,cudaLaunchKernel,"void at::native::vectorized_elementwise_kernel<(int)2, at::native::FillFunctor<long>, std::array<char *, (unsigned long)1>>(int, T2, T3)"
2492,2533,0,6400,6389,1439420.9,1449039.0,17193,7527150,95840.6,14539.5,11519.0,9654,7527150,98040.7,1425198.9,1434602.0,49437,1487400,50321.5,2135.4,2016.0,1887,2560,237.8,cudaLaunchKernel,"void at::native::_scatter_gather_elementwise_kernel<(int)128, (int)8, void at::native::_cuda_scatter_gather_internal_kernel<(bool)0, at::native::OpaqueType<(int)4>, long>::operator ()<at::native::TensorAssign>(at::TensorIterator &, long, long, long, const T1 &)::[lambda(int) (instance 1)]>(int, T3)"
2492,2533,0,6400,6389,1401048.7,1412367.5,11129,1468029,62017.7,10351.4,8630.5,7103,873637,31021.5,1391770.5,1402250.0,508,1459375,55220.4,1321.1,1312.0,1247,1599,45.0,cudaLaunchKernel,"void at::native::vectorized_elementwise_kernel<(int)4, void at::native::compare_scalar_kernel<float>(at::TensorIteratorBase &, at::native::<unnamed>::OpType, T1)::[lambda(float) (instance 1)], std::array<char *, (unsigned long)2>>(int, T2, T3)"
2492,2533,0,6400,6389,1353183.6,1365055.5,9644,4526685,73523.5,10093.6,7751.0,6399,4526685,64685.9,1344166.6,1355818.0,705,1416776,58540.7,1235.8,1216.0,1183,1344,48.7,cudaLaunchKernel,"void at::native::vectorized_elementwise_kernel<(int)4, at::native::BUnaryFunctor<float, float, float, at::native::binary_internal::MulFunctor<float>>, std::array<char *, (unsigned long)2>>(int, T2, T3)"
2492,2533,0,6400,6389,1323310.4,1335702.5,9732,5378731,81834.7,10601.7,8119.5,6651,5378731,73671.5,1313594.6,1326078.0,132,1391039,61124.9,1374.2,1344.0,1311,1664,46.1,cudaLaunchKernel,"void at::native::vectorized_elementwise_kernel<(int)4, at::native::<unnamed>::where_kernel_impl(at::TensorIterator &)::[lambda() (instance 1)]::operator ()() const::[lambda() (instance 3)]::operator ()() const::[lambda(bool, unsigned int, unsigned int) (instance 1)], std::array<char *, (unsigned long)4>>(int, T2, T3)"
2492,2533,0,19200,19174,1268240.7,1193705.0,10901,1773653,363537.7,11808.6,10043.0,7352,1433412,31495.4,1256126.3,1181035.0,74,1761324,362318.9,2009.7,2464.0,1023,2688,685.6,cudaLaunchKernel,"void <unnamed>::elementwise_kernel_with_index<int, at::native::arange_cuda_out(const c10::Scalar &, const c10::Scalar &, const c10::Scalar &, at::Tensor &)::[lambda() (instance 1)]::operator ()() const::[lambda() (instance 4)]::operator ()() const::[lambda(long) (instance 1)]>(T1, T2, function_traits<T2>::result_type *)"
2492,2533,0,6400,6389,1265438.3,1280286.5,10417,1353909,69796.0,9400.6,7545.0,6323,894171,33941.1,1256072.4,1270381.0,573,1344337,67408.6,2127.8,2016.0,1824,2752,234.5,cudaLaunchKernel,"void at::native::_scatter_gather_elementwise_kernel<(int)128, (int)8, void at::native::_cuda_scatter_gather_internal_kernel<(bool)1, at::native::OpaqueType<(int)4>, long>::operator ()<at::native::TensorAssign>(at::TensorIterator &, long, long, long, const T1 &)::[lambda(int) (instance 1)]>(int, T3)"
2492,2533,0,19200,19050,1252938.9,1596950.5,10189,1685042,522220.0,9775.2,8700.0,6093,897354,28461.2,1251205.6,1588361.0,114,1674913,514769.7,1739.3,1696.0,1536,2624,111.7,cudaLaunchKernel,"void at::native::<unnamed>::CatArrayBatchedCopy_alignedK_contig<at::native::<unnamed>::OpaqueType<(unsigned int)8>, unsigned int, (int)2, (int)128, (int)1, (int)16>(T1 *, at::native::<unnamed>::CatArrInputTensorMetadata<T1, T2, T4, T5>, at::native::<unnamed>::TensorSizeStride<T2, (unsigned int)4>, int, T2)"
2492,2533,0,9600,9572,937462.3,625119.5,8305,1725101,547581.2,8498.6,7026.5,5716,839339,25256.2,930390.7,617279.5,64,1715216,546029.6,1288.5,1280.0,1247,1568,19.0,cudaLaunchKernel,"void at::native::vectorized_elementwise_kernel<(int)2, at::native::CUDAFunctor_add<long>, std::array<char *, (unsigned long)3>>(int, T2, T3)"
2492,2533,0,12800,12772,904701.4,872047.0,8884,1145310,159290.9,8986.8,7409.0,6220,845077,29955.4,896648.8,864399.0,61,1136514,157868.4,1029.2,1024.0,991,1056,23.2,cudaLaunchKernel,"void at::native::vectorized_elementwise_kernel<(int)4, at::native::FillFunctor<float>, std::array<char *, (unsigned long)1>>(int, T2, T3)"
2492,2533,0,12800,12762,881031.2,849946.5,9932,1122748,159417.2,9391.7,7785.0,6424,906832,30926.4,871880.3,840732.0,4,1113083,156093.4,2352.5,2336.0,2271,2528,48.2,cudaLaunchKernel,"void at::native::elementwise_kernel<(int)128, (int)2, void at::native::gpu_kernel_impl_nocast<at::native::<unnamed>::where_kernel_impl(at::TensorIterator &)::[lambda() (instance 1)]::operator ()() const::[lambda() (instance 3)]::operator ()() const::[lambda(bool, unsigned int, unsigned int) (instance 1)]>(at::TensorIteratorBase &, const T1 &)::[lambda(int) (instance 1)]>(int, T3)"
2492,2533,0,19250,19177,783026.3,865227.0,8716,8359919,324336.7,9389.7,7250.0,6032,8359919,68147.3,773887.9,855436.0,2,1222810,317420.1,2688.8,3264.0,1407,3680,884.3,cudaLaunchKernel,"void at::native::elementwise_kernel<(int)128, (int)4, void at::native::gpu_kernel_impl_nocast<at::native::BinaryFunctor<long, long, bool, at::native::<unnamed>::CompareEqFunctor<long>>>(at::TensorIteratorBase &, const T1 &)::[lambda(int) (instance 1)]>(int, T3)"
2492,2533,0,19300,19232,763322.3,849658.5,9217,2269976,322116.8,9113.5,7299.0,6089,2265982,35608.6,751729.2,836238.0,13,1204506,318979.7,5136.8,6400.0,1952,6943,1948.3,cudaLaunchKernel,"void at::native::reduce_kernel<(int)512, (int)1, at::native::ReduceOp<bool, at::native::func_wrapper_t<bool, at::native::or_kernel_cuda(at::TensorIterator &)::[lambda() (instance 1)]::operator ()() const::[lambda() (instance 12)]::operator ()() const::[lambda(bool, bool) (instance 1)]>, unsigned int, bool, (int)4, (int)4>>(T3)"
2492,2533,0,50,46,677168.8,10465.5,9436,33320446,4710670.3,675388.8,8563.0,7519,33320446,4710927.2,529.2,588.0,57,942,198.5,1347.8,1312.0,1280,1504,78.6,cudaLaunchKernel,"void at::native::vectorized_elementwise_kernel<(int)2, at::native::<unnamed>::masked_fill_kernel(at::TensorIterator &, const c10::Scalar &)::[lambda() (instance 1)]::operator ()() const::[lambda() (instance 4)]::operator ()() const::[lambda(long, bool) (instance 1)], std::array<char *, (unsigned long)3>>(int, T2, T3)"
2492,2533,0,32050,31849,673413.7,543788.5,8100,6777115,306260.4,9013.9,7145.0,5837,6777115,50640.3,667501.0,536194.0,1,1244197,301630.5,1088.9,1088.0,1023,1728,29.6,cudaLaunchKernel,"void at::native::vectorized_elementwise_kernel<(int)4, at::native::FillFunctor<bool>, std::array<char *, (unsigned long)1>>(int, T2, T3)"
2492,2533,0,6400,6348,657455.3,688942.5,17408,2935901,122927.6,12390.4,10341.0,8805,2931122,46360.2,643357.8,671411.0,15,784017,108642.2,6947.4,6944.0,6752,7296,51.2,cudaLaunchKernel,"void at::native::reduce_kernel<(int)512, (int)1, at::native::ReduceOp<float, at::native::ArgMaxOps<float>, unsigned int, long, (int)4, (int)4>>(T3)"
2492,2533,0,12800,12745,601422.2,629797.0,8019,884025,122712.4,8363.1,7250.0,5423,884025,26566.4,594391.3,621618.0,2,766388,118479.1,1224.5,1216.0,1183,1536,27.3,cudaLaunchKernel,"void at::native::vectorized_elementwise_kernel<(int)2, at::native::BinaryFunctor<long, long, long, at::native::binary_internal::MulFunctor<long>>, std::array<char *, (unsigned long)3>>(int, T2, T3)"
2492,2533,0,6400,6346,593446.1,624167.0,8841,851048,119797.8,9218.7,7969.0,6962,851048,25545.4,587939.3,615068.0,0,735097,109592.5,1252.7,1248.0,1216,1280,12.5,cudaLaunchKernel,"void at::native::vectorized_elementwise_kernel<(int)2, at::native::CUDAFunctorOnOther_add<long>, std::array<char *, (unsigned long)2>>(int, T2, T3)"
2492,2533,0,19200,19024,465508.9,9231.0,7567,4090828,646106.5,8306.1,6947.0,5520,4090828,41571.3,460220.3,1073.0,6,1438058,646729.7,1207.7,1216.0,1151,1344,38.6,cudaLaunchKernel,"void at::native::vectorized_elementwise_kernel<(int)4, at::native::AUnaryFunctor<float, float, float, at::native::binary_internal::MulFunctor<float>>, std::array<char *, (unsigned long)2>>(int, T2, T3)"
2492,2533,0,12800,12735,374917.8,382281.5,8252,5807464,133760.9,8829.9,7080.0,5796,5807464,57724.0,366705.8,374190.0,0,588523,122508.1,1247.2,1248.0,1215,1280,21.4,cudaLaunchKernel,"void at::native::vectorized_elementwise_kernel<(int)4, at::native::BinaryFunctor<bool, bool, bool, at::native::BitwiseOrFunctor<bool>>, std::array<char *, (unsigned long)3>>(int, T2, T3)"
2492,2533,0,6400,6346,282734.0,306020.5,8970,826002,95157.1,8524.2,7447.0,6161,826002,24076.5,275234.3,297646.0,2,436919,91600.6,1301.5,1312.0,1279,1344,15.1,cudaLaunchKernel,"void at::native::vectorized_elementwise_kernel<(int)4, at::native::bitwise_not_kernel_cuda(at::TensorIteratorBase &)::[lambda(bool) (instance 1)], std::array<char *, (unsigned long)2>>(int, T2, T3)"
2492,2533,0,1400,1399,266293.5,273023.0,137380,305374,16720.0,8314.8,7726.5,6889,35828,2541.0,135308.7,142559.0,10245,174640,16977.9,122767.1,122816.0,121055,124415,682.9,cudaLaunchKernel,ampere_bf16_s16816gemm_bf16_128x64_ldg8_f2f_stages_64x3_tn
2492,2533,0,6400,6307,261599.4,284266.0,9718,887416,93372.0,8987.8,7874.0,6706,887416,24285.0,254391.8,275447.0,2,416133,88088.9,1922.9,1920.0,1568,2016,24.5,cudaLaunchKernel,"void at::native::unrolled_elementwise_kernel<at::native::BinaryFunctor<long, long, long, at::native::BitwiseAndFunctor<long>>, std::array<char *, (unsigned long)3>, (int)4, TrivialOffsetCalculator<(int)2, unsigned int>, TrivialOffsetCalculator<(int)1, unsigned int>, at::native::memory::LoadWithCast<(int)2>, at::native::memory::StoreWithCast<(int)1>>(int, T1, T2, T4, T5, T6, T7)"
2492,2533,0,1400,1400,259062.3,266468.5,71850,297074,17783.1,7121.6,6628.5,5786,42396,2483.8,250010.3,257703.0,27246,287095,18436.3,1930.4,1888.0,1824,2304,120.7,cudaLaunchKernelExC_v11060,"void cublasLt::splitKreduce_kernel<(int)32, (int)16, int, __nv_bfloat16, __nv_bfloat16, float, __nv_bfloat16, (bool)0, __nv_bfloat16, __nv_bfloat16, __nv_bfloat16, (bool)1, (bool)0, (bool)0, (bool)0>(cublasLt::cublasSplitKParams<T6>, const T4 *, const T10 *, T9 *, T5 *, const T6 *, const T6 *, const T11 *, const T4 *, T11 *, void *, long, T6 *, int *, T6 *, T6 *, const T6 *, const T6 *, const T6 *, const T6 *, const T6 *)"
2492,2533,0,6400,6362,234349.4,255244.0,11004,5181538,109311.9,10077.6,8295.0,6661,5181538,68017.0,223079.4,244498.0,8,386862,88217.9,2521.7,2528.0,2144,2592,21.5,cudaLaunchKernel,"void at::native::reduce_kernel<(int)512, (int)1, at::native::ReduceOp<long, at::native::func_wrapper_t<long, at::native::MaxNanFunctor<long>>, unsigned int, long, (int)4, (int)4>>(T3)"
2492,2533,0,2800,2768,178154.1,165884.0,143723,245908,31319.1,8626.5,8215.5,6961,77823,2511.4,32145.0,22861.0,61,82238,31799.7,137796.0,137343.0,134559,159839,2895.6,cudaLaunchKernel,ampere_bf16_s16816gemm_bf16_256x128_ldg8_f2f_stages_32x3_tn
2492,2533,0,50,47,160238.9,12831.0,11609,7361923,1039259.0,156638.5,8975.5,7821,7361923,1039778.8,535.1,602.0,35,856,204.9,3173.8,3168.0,3104,3328,49.5,cudaLaunchKernel,"void at::native::reduce_kernel<(int)256, (int)2, at::native::ReduceOp<bool, at::native::func_wrapper_t<bool, at::native::or_kernel_cuda(at::TensorIterator &)::[lambda() (instance 1)]::operator ()() const::[lambda() (instance 12)]::operator ()() const::[lambda(bool, bool) (instance 1)]>, unsigned int, bool, (int)4, (int)4>>(T3)"
2492,2533,0,12850,12539,108188.2,11290.0,8426,860971,117189.2,8248.5,7335.0,6126,860971,20705.8,101168.6,962.0,1,364406,116396.6,1230.3,1216.0,1183,1472,23.4,cudaLaunchKernel,"void at::native::vectorized_elementwise_kernel<(int)4, at::native::AUnaryFunctor<long, long, bool, at::native::<unnamed>::CompareEqFunctor<long>>, std::array<char *, (unsigned long)2>>(int, T2, T3)"
2492,2533,0,717600,699746,102123.1,119382.0,30228,2725492,175679.8,10712.5,9434.0,7001,2617876,26351.4,9853.5,763.0,0,46698,16486.8,81860.9,109951.0,21343,1865047,171414.2,cudaLaunchKernel,"std::enable_if<!T7, void>::type internal::gemvx::kernel<int, int, __nv_bfloat16, __nv_bfloat16, __nv_bfloat16, float, (bool)0, (bool)1, (bool)1, (bool)0, (int)6, (bool)0, cublasGemvParamsEx<int, cublasGemvTensorStridedBatched<const __nv_bfloat16>, cublasGemvTensorStridedBatched<const __nv_bfloat16>, cublasGemvTensorStridedBatched<__nv_bfloat16>, float>>(T13)"
2492,2533,0,50,45,98361.9,11726.0,10552,4331064,610811.6,96766.6,10058.5,8888,4331064,611041.9,363.6,352.0,105,895,190.9,1309.4,1312.0,1280,1376,14.2,cudaLaunchKernel,"void at::native::vectorized_elementwise_kernel<(int)4, void at::native::compare_scalar_kernel<long>(at::TensorIteratorBase &, at::native::<unnamed>::OpType, T1)::[lambda(long) (instance 1)], std::array<char *, (unsigned long)2>>(int, T2, T3)"
2492,2533,0,50,33,93004.6,15680.5,14271,3814961,537127.7,90135.8,12539.0,11275,3814961,537545.5,248.4,199.0,12,604,168.8,2942.7,2944.0,2880,3104,47.0,cudaLaunchKernel,"void at::native::<unnamed>::CatArrayBatchedCopy<at::native::<unnamed>::OpaqueType<(unsigned int)4>, unsigned int, (int)3, (int)64, (int)64>(T1 *, at::native::<unnamed>::CatArrInputTensorMetadata<T1, T2, T4, T5>, at::native::<unnamed>::TensorSizeStride<T2, (unsigned int)4>, int, T2)"
2492,2533,0,377600,369518,91166.3,17532.5,10556,2440262,201169.6,10298.2,8951.0,7450,2440262,25725.7,80020.3,1029.0,0,1586076,201625.1,2577.3,2528.0,1472,3200,161.9,cudaLaunchKernel,"void at::native::unrolled_elementwise_kernel<at::native::direct_copy_kernel_cuda(at::TensorIteratorBase &)::[lambda() (instance 3)]::operator ()() const::[lambda() (instance 7)]::operator ()() const::[lambda(float) (instance 1)], std::array<char *, (unsigned long)2>, (int)4, TrivialOffsetCalculator<(int)1, unsigned int>, TrivialOffsetCalculator<(int)1, unsigned int>, at::native::memory::LoadWithCast<(int)1>, at::native::memory::StoreWithCast<(int)1>>(int, T1, T2, T4, T5, T6, T7)"
2492,2533,0,179200,178919,89556.9,89978.0,11879,2856619,25493.3,9568.7,8214.0,7078,2856619,27652.8,78316.1,79960.0,20,121509,6170.8,1797.3,1792.0,1759,2880,76.0,cudaLaunchKernel,"void at::native::vectorized_elementwise_kernel<(int)4, at::native::<unnamed>::silu_kernel(at::TensorIteratorBase &)::[lambda() (instance 1)]::operator ()() const::[lambda() (instance 6)]::operator ()() const::[lambda(c10::BFloat16) (instance 1)], std::array<char *, (unsigned long)2>>(int, T2, T3)"
2492,2533,0,533400,525438,77956.4,14444.0,12642,2732951,92485.7,9468.8,8167.0,6823,2730895,26124.1,29133.5,899.0,0,102256,40866.0,39815.7,5216.0,4991,116479,48989.4,cudaLaunchKernel,"std::enable_if<!T7, void>::type internal::gemvx::kernel<int, int, __nv_bfloat16, __nv_bfloat16, __nv_bfloat16, float, (bool)0, (bool)1, (bool)1, (bool)0, (int)7, (bool)0, cublasGemvParamsEx<int, cublasGemvTensorStridedBatched<const __nv_bfloat16>, cublasGemvTensorStridedBatched<const __nv_bfloat16>, cublasGemvTensorStridedBatched<__nv_bfloat16>, float>>(T13)"
2492,2533,0,364800,360549,52988.6,11710.0,8043,15982345,59532.5,8411.9,7102.0,6053,15982345,38348.8,43860.8,1201.0,0,188786,46540.9,1233.7,1248.0,1183,1504,25.1,cudaLaunchKernel,"void at::native::vectorized_elementwise_kernel<(int)4, void at::native::<unnamed>::pow_tensor_scalar_kernel_impl<float, float>(at::TensorIteratorBase &, T2)::[lambda(float) (instance 1)], std::array<char *, (unsigned long)2>>(int, T2, T3)"
2492,2533,0,714000,707511,51771.7,9245.0,7216,3013883,77789.3,7946.2,6804.0,5013,3013883,28801.4,42964.1,1101.0,0,262947,72849.8,1258.6,1248.0,1215,2208,40.0,cudaLaunchKernel,"void at::native::vectorized_elementwise_kernel<(int)4, at::native::CUDAFunctor_add<c10::BFloat16>, std::array<char *, (unsigned long)3>>(int, T2, T3)"
2492,2533,0,541150,537498,50689.8,8897.0,7553,2579760,64207.6,7830.6,6560.0,5495,2579760,27854.8,41871.1,1073.0,0,215697,58395.8,1276.3,1248.0,1215,2304,58.2,cudaLaunchKernel,"void at::native::vectorized_elementwise_kernel<(int)4, at::native::BinaryFunctor<c10::BFloat16, c10::BFloat16, c10::BFloat16, at::native::binary_internal::MulFunctor<float>>, std::array<char *, (unsigned long)3>>(int, T2, T3)"
2492,2533,0,364800,362381,42662.4,12756.0,9587,4654141,44712.7,8200.7,6929.0,5832,4654141,29018.5,31900.5,1316.0,0,164791,35109.6,2783.3,2784.0,2655,4992,181.0,cudaLaunchKernel,"void at::native::reduce_kernel<(int)512, (int)1, at::native::ReduceOp<float, at::native::MeanOps<float, float, float, float>, unsigned int, float, (int)4, (int)4>>(T3)"
2492,2533,0,364800,361544,29096.7,9830.0,7899,2483445,36082.9,8029.1,6749.0,5690,2483445,27801.3,20077.0,1167.0,0,141426,24010.7,1175.3,1184.0,1151,1504,18.0,cudaLaunchKernel,"void at::native::vectorized_elementwise_kernel<(int)4, at::native::CUDAFunctorOnSelf_add<float>, std::array<char *, (unsigned long)2>>(int, T2, T3)"
2492,2533,0,50,24,28340.1,18544.5,16342,488966,66492.6,26507.0,16495.5,14650,488401,66680.7,162.0,151.5,4,517,135.8,1964.8,1936.0,1888,2240,74.3,cudaLaunchKernel,"void at::native::vectorized_gather_kernel<(int)16, long>(char *, char *, T2 *, int, long, long, long, long, bool)"
2492,2533,0,5600,5467,23582.4,30748.0,13461,55516,9102.3,8401.8,8164.0,6330,32792,2443.0,814.6,841.0,3,1500,211.2,14459.9,14256.0,6016,24864,8170.6,cuLaunchKernel,void cutlass::Kernel2<cutlass_80_wmma_tensorop_bf16_s161616gemm_bf16_32x32_128x2_tn_align8>(T1::Params)
2492,2533,0,364800,361657,21524.4,9130.0,7508,10244744,36980.9,7735.0,6450.0,5422,10244744,33369.3,12655.2,1113.0,0,125936,16951.5,1249.1,1248.0,1184,1632,24.1,cudaLaunchKernel,"void at::native::vectorized_elementwise_kernel<(int)4, at::native::rsqrt_kernel_cuda(at::TensorIteratorBase &)::[lambda() (instance 2)]::operator ()() const::[lambda() (instance 2)]::operator ()() const::[lambda(float) (instance 1)], std::array<char *, (unsigned long)2>>(int, T2, T3)"
2492,2533,0,6350,165,20208.8,19004.0,16750,590553,14057.3,18403.6,17145.0,14902,590553,14147.6,81.5,59.0,0,421,76.2,2200.8,2208.0,2143,2464,33.6,cudaLaunchKernel,"void at::native::<unnamed>::indexSelectSmallIndex<c10::BFloat16, long, unsigned int, (int)2, (int)2, (int)-2>(at::cuda::detail::TensorInfo<T1, T3>, at::cuda::detail::TensorInfo<const T1, T3>, at::cuda::detail::TensorInfo<const T2, T3>, int, int, T3, long)"
2492,2533,0,116788,111991,18989.0,17874.0,14634,2522706,24513.6,10570.5,9195.0,7859,2519077,24739.8,669.2,692.0,0,2324,192.2,7836.7,7648.0,6016,9216,1067.9,cudaLaunchKernel,"void pytorch_flash::flash_fwd_kernel<Flash_fwd_kernel_traits<(int)128, (int)128, (int)32, (int)4, (bool)0, (bool)0, cutlass::bfloat16_t, Flash_kernel_traits<(int)128, (int)128, (int)32, (int)4, cutlass::bfloat16_t>>, (bool)0, (bool)0, (bool)0, (bool)0, (bool)0, (bool)1, (bool)0, (bool)0>(pytorch_flash::Flash_fwd_params)"
2492,2533,0,61012,58274,17897.7,16500.0,14916,2478497,28106.3,10831.9,9319.0,8009,2474820,28336.8,637.0,658.0,0,1387,188.2,6513.7,6528.0,6144,6719,34.9,cudaLaunchKernel,"void pytorch_flash::flash_fwd_splitkv_kernel<Flash_fwd_kernel_traits<(int)128, (int)64, (int)128, (int)4, (bool)0, (bool)0, cutlass::bfloat16_t, Flash_kernel_traits<(int)128, (int)64, (int)128, (int)4, cutlass::bfloat16_t>>, (bool)0, (bool)0, (bool)0, (bool)0, (bool)1, (bool)0, (bool)1, (bool)0>(pytorch_flash::Flash_fwd_params)"
2492,2533,0,50,31,17089.2,15276.5,13827,38505,5162.9,16102.4,14255.0,12359,38505,5515.5,262.2,235.0,3,564,168.8,1007.4,992.0,992,1024,16.1,cudaLaunchKernel,"void at_cuda_detail::cub::detail::scan::DeviceScanInitKernel<at_cuda_detail::cub::ScanTileState<long, (bool)1>>(T1, int)"
2492,2533,0,364800,361543,15801.6,9677.0,8130,2474588,28504.6,7952.7,6732.0,5695,2474588,27222.6,6275.5,1100.0,0,107770,9473.8,1638.1,1632.0,1599,2336,47.7,cudaLaunchKernel,"void at::native::elementwise_kernel<(int)128, (int)2, void at::native::gpu_kernel_impl_nocast<at::native::BinaryFunctor<float, float, float, at::native::binary_internal::MulFunctor<float>>>(at::TensorIteratorBase &, const T1 &)::[lambda(int) (instance 1)]>(int, T3)"
2492,2533,0,6400,5435,15314.0,14080.0,12273,684839,16941.6,13862.7,12549.0,10599,684839,17014.5,369.4,380.0,1,1337,170.2,1193.1,1184.0,1152,1536,30.4,cuLaunchKernelEx,_bmm_outer_product_kernel
2492,2533,0,1400,1343,15166.7,14775.5,13338,38373,1992.2,9772.2,9272.0,8205,34113,2238.7,622.6,632.0,1,1267,191.0,4854.0,4864.0,4480,4992,54.4,cudaLaunchKernel,"void pytorch_flash::flash_fwd_kernel<Flash_fwd_kernel_traits<(int)128, (int)64, (int)64, (int)4, (bool)0, (bool)0, cutlass::bfloat16_t, Flash_kernel_traits<(int)128, (int)64, (int)64, (int)4, cutlass::bfloat16_t>>, (bool)0, (bool)1, (bool)0, (bool)0, (bool)0, (bool)1, (bool)0, (bool)0>(pytorch_flash::Flash_fwd_params)"
2492,2533,0,6400,1436,14979.9,12902.0,11305,6301374,80904.1,13361.4,11237.5,9794,6301374,80938.4,89.9,64.0,0,582,84.0,1788.7,1792.0,1472,2240,128.3,cudaLaunchKernel,"void at::native::unrolled_elementwise_kernel<at::native::direct_copy_kernel_cuda(at::TensorIteratorBase &)::[lambda() (instance 3)]::operator ()() const::[lambda() (instance 11)]::operator ()() const::[lambda(bool) (instance 1)], std::array<char *, (unsigned long)2>, (int)4, TrivialOffsetCalculator<(int)1, unsigned int>, TrivialOffsetCalculator<(int)1, unsigned int>, at::native::memory::LoadWithCast<(int)1>, at::native::memory::StoreWithCast<(int)1>>(int, T1, T2, T4, T5, T6, T7)"
2492,2533,0,6350,382,14670.4,13456.0,11899,856386,21981.4,13383.4,12115.5,10286,856386,22039.1,77.4,62.0,0,371,68.5,1699.9,1696.0,1663,2176,33.4,cudaLaunchKernel,"void at::native::<unnamed>::CatArrayBatchedCopy_vectorized<at::native::<unnamed>::OpaqueType<(unsigned int)4>, unsigned int, (int)3, (int)128, (int)1, (int)16, (int)4>(char *, at::native::<unnamed>::CatArrInputTensorMetadata<T1, T2, T4, T5>, at::native::<unnamed>::TensorSizeStride<T2, (unsigned int)4>, int, T2)"
2492,2533,0,6400,5998,13670.0,12677.0,11043,758115,16044.6,11401.1,10311.5,8861,758115,16134.5,563.9,590.0,0,1260,178.3,1776.0,1760.0,1568,2048,149.0,cudaLaunchKernel,"void at::native::unrolled_elementwise_kernel<at::native::direct_copy_kernel_cuda(at::TensorIteratorBase &)::[lambda() (instance 3)]::operator ()() const::[lambda() (instance 4)]::operator ()() const::[lambda(long) (instance 1)], std::array<char *, (unsigned long)2>, (int)4, TrivialOffsetCalculator<(int)1, unsigned int>, TrivialOffsetCalculator<(int)1, unsigned int>, at::native::memory::LoadWithCast<(int)1>, at::native::memory::StoreWithCast<(int)1>>(int, T1, T2, T4, T5, T6, T7)"
2492,2533,0,6400,6274,13189.2,11450.0,10070,6706083,85349.6,9752.1,7960.0,6653,6706083,85410.4,746.3,790.0,0,1293,183.6,2723.6,2720.0,2432,2976,59.6,cudaLaunchKernel,"void at::native::reduce_kernel<(int)512, (int)1, at::native::ReduceOp<long, at::native::func_wrapper_t<long, at::native::sum_functor<long, long, long>::operator ()(at::TensorIterator &)::[lambda(long, long) (instance 1)]>, unsigned int, long, (int)4, (int)4>>(T3)"
2492,2533,0,2800,2755,12053.5,9713.5,8395,5874957,110853.0,8858.8,6585.5,5034,5874957,110918.0,1118.1,1080.0,9,2301,338.2,2118.4,2176.0,1984,2464,102.0,cudaLaunchKernelExC_v11060,"void cublasLt::splitKreduce_kernel<(int)32, (int)16, int, __nv_bfloat16, __nv_bfloat16, float, __nv_bfloat16, (bool)0, __nv_bfloat16, __nv_bfloat16, __nv_bfloat16, (bool)1, (bool)1, (bool)0, (bool)0>(cublasLt::cublasSplitKParams<T6>, const T4 *, const T10 *, T9 *, T5 *, const T6 *, const T6 *, const T11 *, const T4 *, T11 *, void *, long, T6 *, int *, T6 *, T6 *, const T6 *, const T6 *, const T6 *, const T6 *, const T6 *)"
2492,2533,0,6400,6147,11855.3,10624.5,9069,1277642,27376.4,9480.8,8201.0,6784,1277642,27460.4,492.4,502.0,0,1004,145.2,1927.6,1920.0,1887,2176,25.1,cudaLaunchKernel,"void at::native::vectorized_elementwise_kernel<(int)4, at::native::cos_kernel_cuda(at::TensorIteratorBase &)::[lambda() (instance 2)]::operator ()() const::[lambda() (instance 2)]::operator ()() const::[lambda(float) (instance 1)], std::array<char *, (unsigned long)2>>(int, T2, T3)"
2492,2533,0,61012,59276,11803.3,10506.0,9415,958673,29400.0,7968.9,6613.0,5486,958673,29547.1,780.3,787.0,0,3006,173.6,3101.5,3104.0,3071,3296,16.5,cudaLaunchKernel,"void pytorch_flash::flash_fwd_splitkv_combine_kernel<Flash_fwd_kernel_traits<(int)128, (int)64, (int)128, (int)4, (bool)0, (bool)0, cutlass::bfloat16_t, Flash_kernel_traits<(int)128, (int)64, (int)128, (int)4, cutlass::bfloat16_t>>, (int)4, (int)1, (bool)1>(pytorch_flash::Flash_fwd_params)"
2492,2533,0,361200,355893,11737.9,10777.0,8743,2607485,27552.2,8491.4,7362.0,5776,2607485,27668.1,1010.1,1009.0,0,2658,227.6,2268.0,2528.0,1919,3776,317.8,cudaLaunchKernel,"void at::native::<unnamed>::CatArrayBatchedCopy<at::native::<unnamed>::OpaqueType<(unsigned int)2>, unsigned int, (int)4, (int)64, (int)64>(T1 *, at::native::<unnamed>::CatArrInputTensorMetadata<T1, T2, T4, T5>, at::native::<unnamed>::TensorSizeStride<T2, (unsigned int)4>, int, T2)"
2492,2533,0,6400,6136,11400.8,10402.0,8930,1230453,24974.5,8959.3,7917.0,6338,1230453,25053.6,539.3,558.0,1,1122,155.7,1946.3,1952.0,1856,2208,25.7,cudaLaunchKernel,"void at::native::vectorized_elementwise_kernel<(int)4, at::native::sin_kernel_cuda(at::TensorIteratorBase &)::[lambda() (instance 2)]::operator ()() const::[lambda() (instance 2)]::operator ()() const::[lambda(float) (instance 1)], std::array<char *, (unsigned long)2>>(int, T2, T3)"
2492,2533,0,358400,353446,11219.5,10127.0,8194,6161766,30212.7,8493.2,7200.0,5929,6161766,30303.0,920.6,936.0,0,2553,199.4,1831.0,2144.0,1439,2464,370.0,cudaLaunchKernel,"void at::native::elementwise_kernel<(int)128, (int)4, void at::native::gpu_kernel_impl_nocast<at::native::neg_kernel_cuda(at::TensorIteratorBase &)::[lambda() (instance 2)]::operator ()() const::[lambda() (instance 9)]::operator ()() const::[lambda(c10::BFloat16) (instance 1)]>(at::TensorIteratorBase &, const T1 &)::[lambda(int) (instance 1)]>(int, T3)"
2492,2533,0,355600,349774,11166.2,9997.0,8345,2541226,27518.2,8472.2,7301.0,5574,2541226,27620.9,1017.9,999.0,0,2918,270.3,1706.4,1728.0,1599,2336,60.8,cudaLaunchKernel,"void at::native::<unnamed>::CatArrayBatchedCopy_vectorized<at::native::<unnamed>::OpaqueType<(unsigned int)2>, unsigned int, (int)3, (int)128, (int)1, (int)16, (int)8>(char *, at::native::<unnamed>::CatArrInputTensorMetadata<T1, T2, T4, T5>, at::native::<unnamed>::TensorSizeStride<T2, (unsigned int)4>, int, T2)"
2492,2533,0,719650,711312,10992.0,9627.0,7955,2606746,26884.1,8068.7,6667.0,5288,2606746,26965.9,1038.3,1050.0,0,67189,1122.5,1909.5,2048.0,1631,3520,256.8,cudaLaunchKernel,"void at::native::elementwise_kernel<(int)128, (int)4, void at::native::gpu_kernel_impl_nocast<at::native::BinaryFunctor<c10::BFloat16, c10::BFloat16, c10::BFloat16, at::native::binary_internal::MulFunctor<float>>>(at::TensorIteratorBase &, const T1 &)::[lambda(int) (instance 1)]>(int, T3)"
2492,2533,0,377600,373534,10528.4,9108.0,7315,2438228,26774.0,8093.9,6872.0,5087,2438228,26743.1,1229.3,968.0,0,83959,2574.5,1226.4,1216.0,1119,1440,26.6,cudaLaunchKernel,"void at::native::vectorized_elementwise_kernel<(int)4, at::native::bfloat16_copy_kernel_cuda(at::TensorIteratorBase &)::[lambda(float) (instance 1)], std::array<char *, (unsigned long)2>>(int, T2, T3)"
2492,2533,0,2800,2775,10286.4,10024.0,8444,63794,2078.9,6749.8,6419.0,5129,63794,2243.4,1155.5,1174.0,12,1898,222.3,2404.8,2352.0,2175,2656,202.0,cudaLaunchKernel,"void at::native::elementwise_kernel<(int)128, (int)4, void at::native::gpu_kernel_impl_nocast<at::native::CUDAFunctor_add<c10::BFloat16>>(at::TensorIteratorBase &, const T1 &)::[lambda(int) (instance 1)]>(int, T3)"
2492,2533,0,50,47,9561.5,9284.5,8501,12724,890.0,7082.8,6726.5,5946,11229,1097.4,621.9,661.0,74,804,153.1,1910.4,1888.0,1696,2144,85.6,cudaLaunchKernel,"void at_cuda_detail::cub::detail::scan::DeviceScanKernel<at_cuda_detail::cub::detail::scan::policy_hub<long, long, long, unsigned int, std::plus<long>>::Policy1000, const long *, long *, at_cuda_detail::cub::ScanTileState<long, (bool)1>, std::plus<long>, at_cuda_detail::cub::NullType, unsigned int, long, (bool)0, at_cuda_detail::cub::NullType>(T2, T3, T4, int, T5, T6, T7)"
