Time (%),Total Time (ns),Num Calls,Avg (ns),Med (ns),Min (ns),Max (ns),StdDev (ns),Name
90.2,66688668389,7633612,8736.2,7171.0,5013,33320446,32022.5,cudaLaunchKernel
5.2,3848418639,71191,54057.7,12080.0,4036,131309834,1178883.4,cudaMemcpyAsync
1.9,1427384015,7633612,187.0,177.0,88,108746,276.5,cuKernelGetName
1.6,1207450138,13541,89169.9,9247.0,3224,347895,103079.1,cudaStreamSynchronize
0.4,299843683,36,8328991.2,6288129.0,94213,45137583,8660418.0,cuLibraryLoadData
0.3,206740924,34,6080615.4,7278294.5,4592,14685136,3731147.6,cudaMalloc
0.1,88721440,6400,13862.7,12549.0,10599,684839,17014.5,cuLaunchKernelEx
0.1,84743186,7800,10864.5,11321.0,358,738230,22456.1,cudaMemsetAsync
0.1,47049817,5600,8401.8,8164.0,6330,32792,2443.0,cuLaunchKernel
0.0,34774895,4200,8279.7,6616.0,5034,5874957,90573.8,cudaLaunchKernelExC_v11060
0.0,11479030,7072,1623.2,1509.0,475,20338,919.7,cudaStreamIsCapturing_v10000
0.0,6340646,5600,1132.3,788.0,431,1737575,23222.4,cuKernelGetFunction
0.0,1234786,1,1234786.0,1234786.0,1234786,1234786,0.0,cudaHostAlloc
0.0,335401,3,111800.3,112800.0,59900,162701,51407.8,cuModuleLoadData
0.0,190767,880,216.8,168.0,97,6658,251.8,cuGetProcAddress_v2
0.0,142883,67,2132.6,1151.0,446,10017,2277.9,cuLibraryGetKernel
0.0,74503,2,37251.5,37251.5,35002,39501,3181.3,cudaMemGetInfo
0.0,26971,1,26971.0,26971.0,26971,26971,0.0,cudaFree
0.0,15060,18,836.7,466.0,456,3870,978.7,cudaEventCreateWithFlags
0.0,8700,4,2175.0,1870.0,1366,3594,977.6,cuInit
0.0,2420,3,806.7,470.0,428,1522,619.9,cudaGetDriverEntryPointByVersion_v12050
0.0,1021,3,340.3,128.0,105,788,387.9,cuModuleGetLoadingMode
0.0,568,2,284.0,284.0,218,350,93.3,cudaGetDeviceProperties_v2_v12000
